<?xml version="1.0" encoding="UTF-8"?>
<project-private xmlns="http://www.netbeans.org/ns/project-private/1">
    <editor-bookmarks xmlns="http://www.netbeans.org/ns/editor-bookmarks/2" lastBookmarkId="0"/>
    <open-files xmlns="http://www.netbeans.org/ns/projectui-open-files/2">
        <group>
            <file>file:/C:/Users/Lucky/Desktop/Kingsley/APU/Y2S1/Object%20Oriented%20Development%20with%20Java/APU-Medical-Centre-AMC/src/view/Login.java</file>
            <file>file:/C:/Users/Lucky/Desktop/Kingsley/APU/Y2S1/Object%20Oriented%20Development%20with%20Java/APU-Medical-Centre-AMC/src/model/User.java</file>
            <file>file:/C:/Users/Lucky/Desktop/Kingsley/APU/Y2S1/Object%20Oriented%20Development%20with%20Java/APU-Medical-Centre-AMC/src/model/UserDatabase.java</file>
        </group>
    </open-files>
</project-private>
